customer_id,event_type,event_date,plan_type,monthly_revenue,cancellation_reason
CUST_000000,subscribe,2025-08-31,premium,22.99,
CUST_000000,cancel,2026-04-23,premium,0.0,too_expensive
CUST_000001,subscribe,2025-11-15,standard,15.49,
CUST_000001,downgrade,2026-04-16,standard,15.49,
CUST_000001,cancel,2026-04-23,standard,0.0,too_expensive
CUST_000002,subscribe,2025-03-15,standard,15.49,
CUST_000003,subscribe,2024-05-12,basic,9.99,
CUST_000004,subscribe,2025-04-05,basic,9.99,
CUST_000004,downgrade,2025-07-23,basic,9.99,
CUST_000005,subscribe,2025-01-11,premium,22.99,
CUST_000006,subscribe,2024-07-06,basic,9.99,
CUST_000007,subscribe,2025-04-13,premium,22.99,
CUST_000008,subscribe,2026-01-26,premium,22.99,
CUST_000009,subscribe,2025-12-13,basic,9.99,
CUST_000010,subscribe,2025-04-09,standard,15.49,
CUST_000010,cancel,2025-11-29,standard,0.0,personal_reasons
CUST_000011,subscribe,2025-10-19,basic,9.99,
CUST_000012,subscribe,2024-08-26,premium,22.99,
CUST_000012,cancel,2024-09-30,premium,0.0,not_enough_content
CUST_000013,subscribe,2024-10-09,standard,15.49,
CUST_000013,downgrade,2025-03-02,basic,9.99,
CUST_000014,subscribe,2025-02-27,basic,9.99,
CUST_000014,upgrade,2025-05-31,standard,15.49,
CUST_000015,subscribe,2025-05-14,basic,9.99,
CUST_000016,subscribe,2024-11-13,standard,15.49,
CUST_000016,cancel,2025-01-22,standard,0.0,technical_issues
CUST_000017,subscribe,2025-07-20,basic,9.99,
CUST_000018,subscribe,2024-08-07,premium,22.99,
CUST_000019,subscribe,2025-08-22,premium,22.99,
CUST_000020,subscribe,2025-02-12,premium,22.99,
CUST_000020,downgrade,2025-06-10,standard,15.49,
CUST_000021,subscribe,2025-11-02,standard,15.49,
CUST_000021,cancel,2026-02-07,standard,0.0,switching_competitor
CUST_000022,subscribe,2025-01-11,standard,15.49,
CUST_000023,subscribe,2026-03-03,standard,15.49,
CUST_000024,subscribe,2024-12-09,basic,9.99,
CUST_000025,subscribe,2026-04-05,premium,22.99,
CUST_000025,cancel,2026-04-23,premium,0.0,not_enough_content
CUST_000026,subscribe,2026-03-05,basic,9.99,
CUST_000027,subscribe,2025-11-11,standard,15.49,
CUST_000028,subscribe,2024-07-30,premium,22.99,
CUST_000029,subscribe,2026-02-28,premium,22.99,
CUST_000030,subscribe,2024-09-25,basic,9.99,
CUST_000030,upgrade,2024-11-18,premium,22.99,
CUST_000031,subscribe,2024-07-24,standard,15.49,
CUST_000032,subscribe,2024-10-17,premium,22.99,
CUST_000033,subscribe,2024-06-13,basic,9.99,
CUST_000033,downgrade,2024-09-21,basic,9.99,
CUST_000034,subscribe,2025-09-23,standard,15.49,
CUST_000035,subscribe,2025-07-13,premium,22.99,
CUST_000035,cancel,2026-04-23,premium,0.0,too_expensive
CUST_000036,subscribe,2024-07-04,standard,15.49,
CUST_000037,subscribe,2026-02-21,basic,9.99,
CUST_000037,cancel,2026-04-23,basic,0.0,not_enough_content
CUST_000038,subscribe,2025-02-28,premium,22.99,
CUST_000039,subscribe,2025-06-12,basic,9.99,
CUST_000040,subscribe,2024-11-02,basic,9.99,
CUST_000041,subscribe,2024-05-31,basic,9.99,
CUST_000041,upgrade,2024-07-19,standard,15.49,
CUST_000042,subscribe,2025-03-03,standard,15.49,
CUST_000043,subscribe,2025-02-10,standard,15.49,
CUST_000044,subscribe,2025-03-16,basic,9.99,
CUST_000045,subscribe,2025-07-15,basic,9.99,
CUST_000046,subscribe,2025-05-17,premium,22.99,
CUST_000046,downgrade,2025-10-23,basic,9.99,
CUST_000047,subscribe,2025-07-28,basic,9.99,
CUST_000047,downgrade,2025-09-14,basic,9.99,
CUST_000048,subscribe,2024-10-30,standard,15.49,
CUST_000048,cancel,2025-08-15,standard,0.0,technical_issues
CUST_000049,subscribe,2025-06-02,standard,15.49,
CUST_000050,subscribe,2025-02-23,premium,22.99,
CUST_000051,subscribe,2026-04-18,standard,15.49,
CUST_000052,subscribe,2024-06-17,standard,15.49,
CUST_000053,subscribe,2026-03-05,basic,9.99,
CUST_000053,downgrade,2026-04-23,basic,9.99,
CUST_000053,cancel,2026-04-23,basic,0.0,switching_competitor
CUST_000054,subscribe,2024-12-12,basic,9.99,
CUST_000055,subscribe,2026-04-21,standard,15.49,
CUST_000056,subscribe,2024-08-20,standard,15.49,
CUST_000057,subscribe,2025-08-27,premium,22.99,
CUST_000057,downgrade,2025-11-27,premium,22.99,
CUST_000058,subscribe,2025-03-17,premium,22.99,
CUST_000059,subscribe,2024-08-25,standard,15.49,
CUST_000060,subscribe,2024-07-17,standard,15.49,
CUST_000061,subscribe,2024-05-19,premium,22.99,
CUST_000061,downgrade,2024-07-31,basic,9.99,
CUST_000062,subscribe,2024-12-17,premium,22.99,
CUST_000063,subscribe,2024-11-01,premium,22.99,
CUST_000064,subscribe,2025-11-25,premium,22.99,
CUST_000064,downgrade,2026-04-23,basic,9.99,
CUST_000064,cancel,2026-04-23,premium,0.0,technical_issues
CUST_000065,subscribe,2026-03-07,standard,15.49,
CUST_000065,upgrade,2026-04-08,premium,22.99,
CUST_000066,subscribe,2026-01-05,premium,22.99,
CUST_000067,subscribe,2026-02-28,basic,9.99,
CUST_000067,upgrade,2026-04-23,standard,15.49,
CUST_000068,subscribe,2024-12-15,basic,9.99,
CUST_000068,downgrade,2025-05-30,basic,9.99,
CUST_000069,subscribe,2024-11-24,standard,15.49,
CUST_000069,upgrade,2025-01-05,premium,22.99,
CUST_000069,cancel,2025-07-15,standard,0.0,personal_reasons
CUST_000070,subscribe,2025-02-26,premium,22.99,
CUST_000071,subscribe,2024-11-14,premium,22.99,
CUST_000072,subscribe,2025-03-26,standard,15.49,
CUST_000073,subscribe,2025-10-24,basic,9.99,
CUST_000074,subscribe,2025-11-01,standard,15.49,
CUST_000075,subscribe,2025-08-19,premium,22.99,
CUST_000075,downgrade,2025-09-30,basic,9.99,
CUST_000076,subscribe,2025-09-21,standard,15.49,
CUST_000077,subscribe,2024-07-29,premium,22.99,
CUST_000078,subscribe,2026-03-24,basic,9.99,
CUST_000079,subscribe,2024-12-14,premium,22.99,
CUST_000080,subscribe,2025-04-18,basic,9.99,
CUST_000080,downgrade,2025-05-22,basic,9.99,
CUST_000081,subscribe,2025-12-29,basic,9.99,
CUST_000082,subscribe,2025-08-15,standard,15.49,
CUST_000083,subscribe,2024-08-14,basic,9.99,
CUST_000084,subscribe,2025-04-10,standard,15.49,
CUST_000084,upgrade,2025-05-26,premium,22.99,
CUST_000085,subscribe,2025-10-14,standard,15.49,
CUST_000085,downgrade,2025-12-25,basic,9.99,
CUST_000086,subscribe,2025-10-08,basic,9.99,
CUST_000086,cancel,2026-04-23,basic,0.0,too_expensive
CUST_000087,subscribe,2024-10-08,standard,15.49,
CUST_000088,subscribe,2025-06-28,premium,22.99,
CUST_000088,downgrade,2025-10-18,standard,15.49,
CUST_000088,cancel,2026-02-22,premium,0.0,personal_reasons
CUST_000089,subscribe,2025-09-22,standard,15.49,
CUST_000090,subscribe,2025-03-19,standard,15.49,
CUST_000091,subscribe,2024-11-09,basic,9.99,
CUST_000091,cancel,2025-05-05,basic,0.0,technical_issues
CUST_000092,subscribe,2025-08-21,standard,15.49,
CUST_000093,subscribe,2024-11-19,standard,15.49,
CUST_000093,downgrade,2025-01-15,basic,9.99,
CUST_000094,subscribe,2024-10-18,premium,22.99,
CUST_000095,subscribe,2025-03-10,premium,22.99,
CUST_000095,downgrade,2025-06-28,standard,15.49,
CUST_000096,subscribe,2024-09-29,standard,15.49,
CUST_000096,downgrade,2025-02-23,basic,9.99,
CUST_000097,subscribe,2024-05-07,basic,9.99,
CUST_000097,upgrade,2024-08-16,premium,22.99,
CUST_000098,subscribe,2025-02-18,standard,15.49,
CUST_000099,subscribe,2026-03-20,basic,9.99,
CUST_000100,subscribe,2025-02-18,premium,22.99,
CUST_000100,downgrade,2025-07-03,basic,9.99,
CUST_000101,subscribe,2025-08-18,basic,9.99,
CUST_000102,subscribe,2024-06-26,premium,22.99,
CUST_000103,subscribe,2024-11-10,premium,22.99,
CUST_000104,subscribe,2025-12-04,standard,15.49,
CUST_000104,upgrade,2026-04-23,premium,22.99,
CUST_000105,subscribe,2025-04-22,standard,15.49,
CUST_000105,downgrade,2025-08-13,basic,9.99,
CUST_000106,subscribe,2025-09-08,premium,22.99,
CUST_000107,subscribe,2024-09-23,standard,15.49,
CUST_000108,subscribe,2024-07-19,basic,9.99,
CUST_000109,subscribe,2025-08-05,standard,15.49,
CUST_000110,subscribe,2025-07-15,standard,15.49,
CUST_000111,subscribe,2025-10-29,basic,9.99,
CUST_000112,subscribe,2024-07-10,premium,22.99,
CUST_000113,subscribe,2025-01-16,standard,15.49,
CUST_000113,cancel,2025-12-24,standard,0.0,switching_competitor
CUST_000114,subscribe,2025-01-12,premium,22.99,
CUST_000115,subscribe,2025-01-28,standard,15.49,
CUST_000116,subscribe,2025-06-01,premium,22.99,
CUST_000116,downgrade,2025-11-27,basic,9.99,
CUST_000117,subscribe,2026-01-23,premium,22.99,
CUST_000118,subscribe,2024-10-28,premium,22.99,
CUST_000119,subscribe,2024-05-14,standard,15.49,
CUST_000120,subscribe,2025-01-22,standard,15.49,
CUST_000120,cancel,2025-09-21,standard,0.0,too_expensive
CUST_000121,subscribe,2025-05-28,basic,9.99,
CUST_000121,upgrade,2025-07-28,premium,22.99,
CUST_000122,subscribe,2025-12-01,premium,22.99,
CUST_000123,subscribe,2025-12-28,standard,15.49,
CUST_000123,cancel,2026-04-23,standard,0.0,not_enough_content
CUST_000124,subscribe,2024-12-15,premium,22.99,
CUST_000125,subscribe,2025-06-23,premium,22.99,
CUST_000125,downgrade,2025-11-27,standard,15.49,
CUST_000126,subscribe,2024-10-18,basic,9.99,
CUST_000126,downgrade,2025-02-21,basic,9.99,
CUST_000126,cancel,2025-08-19,basic,0.0,not_enough_content
CUST_000127,subscribe,2025-12-05,standard,15.49,
CUST_000128,subscribe,2025-07-23,standard,15.49,
CUST_000128,upgrade,2025-12-13,premium,22.99,
CUST_000129,subscribe,2024-09-08,basic,9.99,
CUST_000130,subscribe,2024-06-03,standard,15.49,
CUST_000130,cancel,2024-12-20,standard,0.0,switching_competitor
CUST_000131,subscribe,2025-07-11,premium,22.99,
CUST_000132,subscribe,2024-11-04,standard,15.49,
CUST_000133,subscribe,2024-06-18,basic,9.99,
CUST_000133,upgrade,2024-09-29,standard,15.49,
CUST_000133,cancel,2024-08-13,basic,0.0,too_expensive
CUST_000134,subscribe,2024-10-31,premium,22.99,
CUST_000134,downgrade,2025-02-22,premium,22.99,
CUST_000134,cancel,2025-09-29,premium,0.0,switching_competitor
CUST_000135,subscribe,2024-10-14,premium,22.99,
CUST_000135,downgrade,2024-11-26,premium,22.99,
CUST_000136,subscribe,2025-03-21,standard,15.49,
CUST_000137,subscribe,2025-12-05,standard,15.49,
CUST_000138,subscribe,2024-10-25,standard,15.49,
CUST_000138,upgrade,2025-01-19,premium,22.99,
CUST_000139,subscribe,2025-10-09,premium,22.99,
CUST_000140,subscribe,2024-11-27,premium,22.99,
CUST_000140,cancel,2025-08-26,premium,0.0,switching_competitor
CUST_000141,subscribe,2025-07-24,basic,9.99,
CUST_000141,upgrade,2025-08-24,premium,22.99,
CUST_000141,cancel,2025-09-22,basic,0.0,too_expensive
CUST_000142,subscribe,2026-03-28,premium,22.99,
CUST_000143,subscribe,2025-07-28,standard,15.49,
CUST_000143,downgrade,2025-09-09,basic,9.99,
CUST_000144,subscribe,2024-11-19,basic,9.99,
CUST_000145,subscribe,2025-11-13,premium,22.99,
CUST_000145,downgrade,2026-01-14,basic,9.99,
CUST_000146,subscribe,2026-01-31,standard,15.49,
CUST_000146,upgrade,2026-04-23,premium,22.99,
CUST_000147,subscribe,2024-05-23,basic,9.99,
CUST_000147,cancel,2025-02-09,basic,0.0,not_enough_content
CUST_000148,subscribe,2025-07-20,standard,15.49,
CUST_000148,downgrade,2025-12-06,basic,9.99,
CUST_000149,subscribe,2025-01-17,premium,22.99,
CUST_000149,cancel,2025-12-23,premium,0.0,switching_competitor
CUST_000150,subscribe,2025-01-03,standard,15.49,
CUST_000150,downgrade,2025-04-05,basic,9.99,
CUST_000151,subscribe,2026-01-13,premium,22.99,
CUST_000152,subscribe,2025-12-13,basic,9.99,
CUST_000153,subscribe,2025-04-15,standard,15.49,
CUST_000154,subscribe,2025-11-30,standard,15.49,
CUST_000155,subscribe,2024-11-15,standard,15.49,
CUST_000156,subscribe,2024-07-25,standard,15.49,
CUST_000156,downgrade,2024-09-13,standard,15.49,
CUST_000157,subscribe,2024-08-23,basic,9.99,
CUST_000158,subscribe,2026-02-04,premium,22.99,
CUST_000158,cancel,2026-04-23,premium,0.0,technical_issues
CUST_000159,subscribe,2026-04-16,basic,9.99,
CUST_000159,upgrade,2026-04-23,standard,15.49,
CUST_000160,subscribe,2024-10-28,premium,22.99,
CUST_000161,subscribe,2025-05-21,premium,22.99,
CUST_000162,subscribe,2026-04-17,basic,9.99,
CUST_000163,subscribe,2025-09-16,basic,9.99,
CUST_000164,subscribe,2025-01-15,standard,15.49,
CUST_000165,subscribe,2026-02-26,basic,9.99,
CUST_000165,upgrade,2026-04-23,standard,15.49,
CUST_000166,subscribe,2026-02-15,standard,15.49,
CUST_000167,subscribe,2026-04-01,premium,22.99,
CUST_000168,subscribe,2025-05-11,premium,22.99,
CUST_000169,subscribe,2026-03-02,basic,9.99,
CUST_000170,subscribe,2024-08-11,premium,22.99,
CUST_000170,downgrade,2024-10-24,premium,22.99,
CUST_000171,subscribe,2025-12-20,standard,15.49,
CUST_000171,downgrade,2026-04-07,standard,15.49,
CUST_000172,subscribe,2026-02-18,basic,9.99,
CUST_000173,subscribe,2025-05-06,premium,22.99,
CUST_000174,subscribe,2024-10-15,premium,22.99,
CUST_000175,subscribe,2026-02-28,premium,22.99,
CUST_000175,downgrade,2026-04-23,basic,9.99,
CUST_000176,subscribe,2024-12-29,standard,15.49,
CUST_000176,downgrade,2025-01-29,basic,9.99,
CUST_000177,subscribe,2025-06-08,premium,22.99,
CUST_000177,downgrade,2025-10-11,premium,22.99,
CUST_000177,cancel,2025-08-29,premium,0.0,technical_issues
CUST_000178,subscribe,2024-09-04,standard,15.49,
CUST_000178,cancel,2025-05-15,standard,0.0,technical_issues
CUST_000179,subscribe,2025-05-13,standard,15.49,
CUST_000180,subscribe,2025-09-21,basic,9.99,
CUST_000181,subscribe,2025-06-20,basic,9.99,
CUST_000181,cancel,2026-04-23,basic,0.0,technical_issues
CUST_000182,subscribe,2025-08-31,basic,9.99,
CUST_000183,subscribe,2025-02-14,basic,9.99,
CUST_000184,subscribe,2025-07-12,basic,9.99,
CUST_000184,downgrade,2025-09-11,basic,9.99,
CUST_000185,subscribe,2024-11-21,standard,15.49,
CUST_000186,subscribe,2026-03-30,standard,15.49,
CUST_000186,cancel,2026-04-23,standard,0.0,not_enough_content
CUST_000187,subscribe,2026-01-04,standard,15.49,
CUST_000188,subscribe,2025-11-29,premium,22.99,
CUST_000189,subscribe,2024-12-17,premium,22.99,
CUST_000190,subscribe,2024-07-01,basic,9.99,
CUST_000190,cancel,2025-02-19,basic,0.0,switching_competitor
CUST_000191,subscribe,2025-12-23,standard,15.49,
CUST_000191,cancel,2026-04-23,standard,0.0,technical_issues
CUST_000192,subscribe,2026-01-08,standard,15.49,
CUST_000193,subscribe,2024-08-09,standard,15.49,
CUST_000194,subscribe,2025-01-31,standard,15.49,
CUST_000194,downgrade,2025-06-18,standard,15.49,
CUST_000195,subscribe,2025-04-10,basic,9.99,
CUST_000196,subscribe,2026-04-22,standard,15.49,
CUST_000196,downgrade,2026-04-23,basic,9.99,
CUST_000197,subscribe,2026-03-09,basic,9.99,
CUST_000197,cancel,2026-04-23,basic,0.0,too_expensive
CUST_000198,subscribe,2026-03-29,standard,15.49,
CUST_000199,subscribe,2024-12-14,basic,9.99,
CUST_000200,subscribe,2025-02-17,standard,15.49,
CUST_000200,downgrade,2025-04-25,standard,15.49,
CUST_000201,subscribe,2025-03-13,basic,9.99,
CUST_000201,upgrade,2025-09-07,premium,22.99,
CUST_000201,cancel,2025-05-26,basic,0.0,not_enough_content
CUST_000202,subscribe,2025-03-04,premium,22.99,
CUST_000202,downgrade,2025-07-10,basic,9.99,
CUST_000202,cancel,2025-12-19,premium,0.0,technical_issues
CUST_000203,subscribe,2024-10-22,basic,9.99,
CUST_000204,subscribe,2024-06-08,premium,22.99,
CUST_000204,cancel,2025-03-10,premium,0.0,too_expensive
CUST_000205,subscribe,2025-09-18,standard,15.49,
CUST_000206,subscribe,2025-12-24,standard,15.49,
CUST_000206,downgrade,2026-03-06,standard,15.49,
CUST_000206,cancel,2026-04-23,standard,0.0,technical_issues
CUST_000207,subscribe,2026-01-26,premium,22.99,
CUST_000207,downgrade,2026-04-23,standard,15.49,
CUST_000208,subscribe,2025-12-14,standard,15.49,
CUST_000209,subscribe,2024-07-31,premium,22.99,
CUST_000209,cancel,2025-02-18,premium,0.0,technical_issues
CUST_000210,subscribe,2025-01-25,basic,9.99,
CUST_000210,cancel,2025-09-25,basic,0.0,technical_issues
CUST_000211,subscribe,2024-07-29,standard,15.49,
CUST_000212,subscribe,2025-04-05,standard,15.49,
CUST_000212,cancel,2025-08-17,standard,0.0,too_expensive
CUST_000213,subscribe,2025-08-12,basic,9.99,
CUST_000213,upgrade,2025-12-08,premium,22.99,
CUST_000214,subscribe,2024-12-12,basic,9.99,
CUST_000215,subscribe,2026-02-09,standard,15.49,
CUST_000215,downgrade,2026-04-23,basic,9.99,
CUST_000216,subscribe,2026-03-29,basic,9.99,
CUST_000217,subscribe,2024-08-15,basic,9.99,
CUST_000217,downgrade,2025-01-17,basic,9.99,
CUST_000218,subscribe,2025-10-27,premium,22.99,
CUST_000218,downgrade,2026-03-12,basic,9.99,
CUST_000218,cancel,2026-04-23,premium,0.0,personal_reasons
CUST_000219,subscribe,2025-05-19,basic,9.99,
CUST_000220,subscribe,2025-09-09,standard,15.49,
CUST_000220,downgrade,2025-11-21,standard,15.49,
CUST_000221,subscribe,2026-01-24,premium,22.99,
CUST_000221,downgrade,2026-03-29,basic,9.99,
CUST_000222,subscribe,2025-03-19,basic,9.99,
CUST_000222,downgrade,2025-08-24,basic,9.99,
CUST_000222,cancel,2025-06-28,basic,0.0,too_expensive
CUST_000223,subscribe,2024-06-13,standard,15.49,
CUST_000224,subscribe,2025-11-16,premium,22.99,
CUST_000225,subscribe,2025-07-02,premium,22.99,
CUST_000225,downgrade,2025-09-16,basic,9.99,
CUST_000226,subscribe,2025-03-16,basic,9.99,
CUST_000227,subscribe,2025-07-14,premium,22.99,
CUST_000227,downgrade,2025-12-03,standard,15.49,
CUST_000228,subscribe,2026-02-07,premium,22.99,
CUST_000229,subscribe,2026-02-07,basic,9.99,
CUST_000230,subscribe,2024-05-14,premium,22.99,
CUST_000231,subscribe,2024-04-26,premium,22.99,
CUST_000231,downgrade,2024-06-16,standard,15.49,
CUST_000232,subscribe,2024-08-10,standard,15.49,
CUST_000233,subscribe,2025-04-09,basic,9.99,
CUST_000233,upgrade,2025-05-16,standard,15.49,
CUST_000234,subscribe,2024-06-26,basic,9.99,
CUST_000235,subscribe,2024-06-24,basic,9.99,
CUST_000235,cancel,2025-03-22,basic,0.0,too_expensive
CUST_000236,subscribe,2025-03-09,basic,9.99,
CUST_000236,upgrade,2025-04-09,standard,15.49,
CUST_000237,subscribe,2024-07-17,standard,15.49,
CUST_000238,subscribe,2024-12-17,standard,15.49,
CUST_000239,subscribe,2024-09-27,basic,9.99,
CUST_000239,downgrade,2025-03-09,basic,9.99,
CUST_000240,subscribe,2024-07-24,basic,9.99,
CUST_000241,subscribe,2025-06-09,premium,22.99,
CUST_000242,subscribe,2025-02-24,standard,15.49,
CUST_000243,subscribe,2025-07-13,basic,9.99,
CUST_000243,cancel,2026-01-13,basic,0.0,switching_competitor
CUST_000244,subscribe,2024-12-02,basic,9.99,
CUST_000245,subscribe,2025-04-14,standard,15.49,
CUST_000246,subscribe,2025-02-27,basic,9.99,
CUST_000247,subscribe,2025-01-05,premium,22.99,
CUST_000248,subscribe,2024-09-19,basic,9.99,
CUST_000249,subscribe,2024-11-06,premium,22.99,
CUST_000250,subscribe,2024-09-06,standard,15.49,
CUST_000250,cancel,2024-11-04,standard,0.0,not_enough_content
CUST_000251,subscribe,2025-10-03,premium,22.99,
CUST_000252,subscribe,2025-04-21,standard,15.49,
CUST_000253,subscribe,2024-06-04,standard,15.49,
CUST_000254,subscribe,2024-06-05,premium,22.99,
CUST_000254,downgrade,2024-09-27,standard,15.49,
CUST_000255,subscribe,2025-05-20,basic,9.99,
CUST_000256,subscribe,2025-04-06,standard,15.49,
CUST_000256,upgrade,2025-08-16,premium,22.99,
CUST_000257,subscribe,2025-04-06,basic,9.99,
CUST_000258,subscribe,2025-05-18,premium,22.99,
CUST_000258,cancel,2025-07-15,premium,0.0,not_enough_content
CUST_000259,subscribe,2025-06-02,standard,15.49,
CUST_000259,downgrade,2025-11-14,basic,9.99,
CUST_000260,subscribe,2025-12-14,basic,9.99,
CUST_000260,upgrade,2026-03-17,premium,22.99,
CUST_000261,subscribe,2024-07-04,premium,22.99,
CUST_000262,subscribe,2026-03-01,basic,9.99,
CUST_000263,subscribe,2024-12-18,standard,15.49,
CUST_000264,subscribe,2025-06-30,premium,22.99,
CUST_000264,cancel,2025-08-25,premium,0.0,technical_issues
CUST_000265,subscribe,2025-10-19,premium,22.99,
CUST_000266,subscribe,2025-01-28,standard,15.49,
CUST_000266,upgrade,2025-05-20,premium,22.99,
CUST_000267,subscribe,2024-10-14,basic,9.99,
CUST_000267,upgrade,2024-11-24,standard,15.49,
CUST_000268,subscribe,2025-12-11,premium,22.99,
CUST_000269,subscribe,2025-07-29,standard,15.49,
CUST_000270,subscribe,2026-01-10,standard,15.49,
CUST_000271,subscribe,2025-11-01,premium,22.99,
CUST_000271,downgrade,2026-03-13,standard,15.49,
CUST_000272,subscribe,2024-10-20,standard,15.49,
CUST_000273,subscribe,2025-02-01,premium,22.99,
CUST_000273,cancel,2025-05-12,premium,0.0,switching_competitor
CUST_000274,subscribe,2025-06-05,premium,22.99,
CUST_000275,subscribe,2026-03-01,premium,22.99,
CUST_000276,subscribe,2025-10-26,standard,15.49,
CUST_000276,cancel,2026-02-09,standard,0.0,too_expensive
CUST_000277,subscribe,2026-03-26,premium,22.99,
CUST_000278,subscribe,2026-03-10,basic,9.99,
CUST_000278,downgrade,2026-04-23,basic,9.99,
CUST_000279,subscribe,2025-02-06,standard,15.49,
CUST_000280,subscribe,2024-12-25,premium,22.99,
CUST_000281,subscribe,2024-05-21,standard,15.49,
CUST_000281,cancel,2024-07-06,standard,0.0,personal_reasons
CUST_000282,subscribe,2025-04-05,basic,9.99,
CUST_000282,upgrade,2025-05-27,standard,15.49,
CUST_000283,subscribe,2025-06-22,basic,9.99,
CUST_000284,subscribe,2024-07-25,premium,22.99,
CUST_000285,subscribe,2024-06-09,premium,22.99,
CUST_000286,subscribe,2025-08-25,basic,9.99,
CUST_000287,subscribe,2025-01-21,standard,15.49,
CUST_000287,downgrade,2025-03-21,standard,15.49,
CUST_000288,subscribe,2025-06-02,standard,15.49,
CUST_000289,subscribe,2025-06-26,basic,9.99,
CUST_000289,cancel,2025-09-09,basic,0.0,not_enough_content
CUST_000290,subscribe,2025-02-05,basic,9.99,
CUST_000290,upgrade,2025-03-29,premium,22.99,
CUST_000291,subscribe,2025-11-12,basic,9.99,
CUST_000291,upgrade,2025-12-19,premium,22.99,
CUST_000292,subscribe,2024-05-26,standard,15.49,
CUST_000292,downgrade,2024-10-01,standard,15.49,
CUST_000292,cancel,2024-08-03,standard,0.0,switching_competitor
CUST_000293,subscribe,2025-08-25,basic,9.99,
CUST_000293,upgrade,2026-01-23,standard,15.49,
CUST_000294,subscribe,2024-12-05,standard,15.49,
CUST_000295,subscribe,2026-04-16,standard,15.49,
CUST_000296,subscribe,2025-11-28,premium,22.99,
CUST_000297,subscribe,2025-01-04,premium,22.99,
CUST_000298,subscribe,2025-03-29,standard,15.49,
CUST_000299,subscribe,2025-05-13,standard,15.49,
CUST_000299,cancel,2026-01-12,standard,0.0,switching_competitor
CUST_000300,subscribe,2025-03-17,standard,15.49,
CUST_000301,subscribe,2024-12-06,premium,22.99,
CUST_000302,subscribe,2025-08-03,basic,9.99,
CUST_000302,cancel,2026-04-23,basic,0.0,personal_reasons
CUST_000303,subscribe,2024-05-24,standard,15.49,
CUST_000303,downgrade,2024-09-27,standard,15.49,
CUST_000304,subscribe,2024-06-19,standard,15.49,
CUST_000305,subscribe,2024-08-24,basic,9.99,
CUST_000306,subscribe,2024-07-29,standard,15.49,
CUST_000306,cancel,2024-11-20,standard,0.0,personal_reasons
CUST_000307,subscribe,2025-07-06,basic,9.99,
CUST_000308,subscribe,2025-04-01,premium,22.99,
CUST_000309,subscribe,2025-09-08,standard,15.49,
CUST_000309,downgrade,2025-11-06,standard,15.49,
CUST_000309,cancel,2025-11-09,standard,0.0,switching_competitor
CUST_000310,subscribe,2025-05-14,premium,22.99,
CUST_000310,downgrade,2025-09-08,basic,9.99,
CUST_000311,subscribe,2025-10-20,premium,22.99,
CUST_000312,subscribe,2026-04-03,premium,22.99,
CUST_000313,subscribe,2024-09-03,standard,15.49,
CUST_000313,cancel,2024-12-12,standard,0.0,too_expensive
CUST_000314,subscribe,2025-09-22,standard,15.49,
CUST_000315,subscribe,2026-02-12,basic,9.99,
CUST_000315,upgrade,2026-04-23,standard,15.49,
CUST_000316,subscribe,2025-12-29,standard,15.49,
CUST_000317,subscribe,2025-12-26,basic,9.99,
CUST_000317,downgrade,2026-04-23,basic,9.99,
CUST_000317,cancel,2026-04-23,basic,0.0,not_enough_content
CUST_000318,subscribe,2025-04-20,basic,9.99,
CUST_000319,subscribe,2025-10-30,premium,22.99,
CUST_000320,subscribe,2024-06-18,standard,15.49,
CUST_000320,cancel,2024-08-31,standard,0.0,switching_competitor
CUST_000321,subscribe,2025-10-02,basic,9.99,
CUST_000322,subscribe,2025-03-24,basic,9.99,
CUST_000323,subscribe,2024-08-25,standard,15.49,
CUST_000323,upgrade,2024-11-19,premium,22.99,
CUST_000324,subscribe,2026-02-08,standard,15.49,
CUST_000324,downgrade,2026-04-23,basic,9.99,
CUST_000325,subscribe,2024-07-28,basic,9.99,
CUST_000326,subscribe,2025-07-25,standard,15.49,
CUST_000326,cancel,2026-02-28,standard,0.0,switching_competitor
CUST_000327,subscribe,2026-02-05,standard,15.49,
CUST_000328,subscribe,2025-12-11,standard,15.49,
CUST_000329,subscribe,2024-05-15,premium,22.99,
CUST_000329,cancel,2025-04-30,premium,0.0,personal_reasons
CUST_000330,subscribe,2024-12-12,basic,9.99,
CUST_000330,upgrade,2025-01-19,premium,22.99,
CUST_000331,subscribe,2024-12-09,premium,22.99,
CUST_000332,subscribe,2025-03-10,standard,15.49,
CUST_000333,subscribe,2024-12-20,basic,9.99,
CUST_000334,subscribe,2025-02-03,premium,22.99,
CUST_000334,downgrade,2025-07-29,premium,22.99,
CUST_000335,subscribe,2024-10-31,basic,9.99,
CUST_000336,subscribe,2025-03-12,basic,9.99,
CUST_000337,subscribe,2025-11-03,standard,15.49,
CUST_000338,subscribe,2025-05-14,basic,9.99,
CUST_000339,subscribe,2024-10-25,premium,22.99,
CUST_000339,cancel,2025-04-27,premium,0.0,switching_competitor
CUST_000340,subscribe,2025-07-30,premium,22.99,
CUST_000340,downgrade,2025-10-21,premium,22.99,
CUST_000341,subscribe,2024-08-04,standard,15.49,
CUST_000341,cancel,2025-03-06,standard,0.0,not_enough_content
CUST_000342,subscribe,2024-05-31,standard,15.49,
CUST_000343,subscribe,2025-04-06,premium,22.99,
CUST_000343,downgrade,2025-09-07,basic,9.99,
CUST_000343,cancel,2026-01-17,premium,0.0,technical_issues
CUST_000344,subscribe,2024-07-06,premium,22.99,
CUST_000344,downgrade,2024-09-14,premium,22.99,
CUST_000345,subscribe,2025-11-29,basic,9.99,
CUST_000346,subscribe,2024-05-27,premium,22.99,
CUST_000347,subscribe,2025-04-11,premium,22.99,
CUST_000348,subscribe,2024-12-25,basic,9.99,
CUST_000349,subscribe,2025-01-08,basic,9.99,
CUST_000350,subscribe,2025-02-02,standard,15.49,
CUST_000351,subscribe,2026-02-28,premium,22.99,
CUST_000352,subscribe,2025-07-14,basic,9.99,
CUST_000353,subscribe,2025-08-23,standard,15.49,
CUST_000353,upgrade,2025-11-10,premium,22.99,
CUST_000354,subscribe,2025-07-10,basic,9.99,
CUST_000355,subscribe,2025-03-08,basic,9.99,
CUST_000356,subscribe,2025-11-07,basic,9.99,
CUST_000356,upgrade,2026-04-23,standard,15.49,
CUST_000357,subscribe,2025-09-18,basic,9.99,
CUST_000358,subscribe,2026-03-31,basic,9.99,
CUST_000358,upgrade,2026-04-23,premium,22.99,
CUST_000359,subscribe,2024-10-30,basic,9.99,
CUST_000360,subscribe,2024-09-29,premium,22.99,
CUST_000360,downgrade,2025-02-19,basic,9.99,
CUST_000361,subscribe,2024-11-20,premium,22.99,
CUST_000362,subscribe,2025-12-13,standard,15.49,
CUST_000362,downgrade,2026-03-06,basic,9.99,
CUST_000363,subscribe,2025-01-16,basic,9.99,
CUST_000363,upgrade,2025-04-06,premium,22.99,
CUST_000363,cancel,2025-06-01,basic,0.0,too_expensive
CUST_000364,subscribe,2024-09-25,standard,15.49,
CUST_000365,subscribe,2025-11-18,basic,9.99,
CUST_000366,subscribe,2025-08-30,basic,9.99,
CUST_000366,downgrade,2026-01-03,basic,9.99,
CUST_000367,subscribe,2024-07-09,basic,9.99,
CUST_000368,subscribe,2025-09-11,basic,9.99,
CUST_000369,subscribe,2024-11-29,basic,9.99,
CUST_000370,subscribe,2025-06-11,premium,22.99,
CUST_000371,subscribe,2026-01-31,standard,15.49,
CUST_000371,downgrade,2026-04-16,standard,15.49,
CUST_000372,subscribe,2026-03-03,standard,15.49,
CUST_000373,subscribe,2024-11-29,basic,9.99,
CUST_000373,upgrade,2025-03-25,premium,22.99,
CUST_000374,subscribe,2026-03-13,premium,22.99,
CUST_000375,subscribe,2025-01-03,basic,9.99,
CUST_000376,subscribe,2024-05-02,basic,9.99,
CUST_000377,subscribe,2026-02-15,standard,15.49,
CUST_000378,subscribe,2025-02-27,basic,9.99,
CUST_000378,downgrade,2025-07-08,basic,9.99,
CUST_000379,subscribe,2024-04-27,standard,15.49,
CUST_000380,subscribe,2025-07-18,standard,15.49,
CUST_000380,cancel,2026-01-29,standard,0.0,not_enough_content
CUST_000381,subscribe,2025-09-22,basic,9.99,
CUST_000382,subscribe,2026-04-08,premium,22.99,
CUST_000383,subscribe,2024-10-09,premium,22.99,
CUST_000384,subscribe,2025-03-10,premium,22.99,
CUST_000385,subscribe,2025-12-04,premium,22.99,
CUST_000385,cancel,2026-04-23,premium,0.0,technical_issues
CUST_000386,subscribe,2025-04-03,basic,9.99,
CUST_000387,subscribe,2026-03-24,premium,22.99,
CUST_000388,subscribe,2025-03-31,standard,15.49,
CUST_000388,upgrade,2025-08-21,premium,22.99,
CUST_000389,subscribe,2026-03-21,premium,22.99,
CUST_000390,subscribe,2025-03-10,basic,9.99,
CUST_000390,downgrade,2025-05-10,basic,9.99,
CUST_000391,subscribe,2026-01-08,basic,9.99,
CUST_000392,subscribe,2024-10-08,premium,22.99,
CUST_000393,subscribe,2024-06-07,premium,22.99,
CUST_000394,subscribe,2024-09-08,premium,22.99,
CUST_000394,downgrade,2025-03-03,premium,22.99,
CUST_000395,subscribe,2025-02-06,standard,15.49,
CUST_000396,subscribe,2025-10-04,basic,9.99,
CUST_000396,cancel,2026-04-23,basic,0.0,too_expensive
CUST_000397,subscribe,2025-02-21,standard,15.49,
CUST_000398,subscribe,2024-05-09,basic,9.99,
CUST_000398,upgrade,2024-09-27,standard,15.49,
CUST_000399,subscribe,2026-01-21,premium,22.99,
CUST_000399,downgrade,2026-03-17,basic,9.99,
CUST_000400,subscribe,2026-04-20,premium,22.99,
CUST_000400,cancel,2026-04-23,premium,0.0,personal_reasons
CUST_000401,subscribe,2024-10-25,standard,15.49,
CUST_000401,upgrade,2024-11-29,premium,22.99,
CUST_000401,cancel,2025-01-24,standard,0.0,technical_issues
CUST_000402,subscribe,2025-09-25,basic,9.99,
CUST_000403,subscribe,2025-06-15,premium,22.99,
CUST_000403,cancel,2026-02-03,premium,0.0,personal_reasons
CUST_000404,subscribe,2024-12-02,standard,15.49,
CUST_000405,subscribe,2025-07-30,standard,15.49,
CUST_000405,cancel,2026-03-27,standard,0.0,personal_reasons
CUST_000406,subscribe,2024-12-11,premium,22.99,
CUST_000407,subscribe,2025-03-19,basic,9.99,
CUST_000408,subscribe,2025-02-12,standard,15.49,
CUST_000409,subscribe,2024-09-11,basic,9.99,
CUST_000410,subscribe,2024-08-12,standard,15.49,
CUST_000410,upgrade,2024-10-11,premium,22.99,
CUST_000411,subscribe,2025-06-28,basic,9.99,
CUST_000411,upgrade,2025-09-12,premium,22.99,
CUST_000411,cancel,2025-08-11,basic,0.0,too_expensive
CUST_000412,subscribe,2024-06-22,basic,9.99,
CUST_000413,subscribe,2026-01-26,standard,15.49,
CUST_000414,subscribe,2024-05-22,standard,15.49,
CUST_000414,downgrade,2024-11-15,basic,9.99,
CUST_000415,subscribe,2025-06-30,basic,9.99,
CUST_000415,downgrade,2025-08-21,basic,9.99,
CUST_000416,subscribe,2026-03-29,standard,15.49,
CUST_000417,subscribe,2025-11-23,basic,9.99,
CUST_000418,subscribe,2024-09-27,standard,15.49,
CUST_000418,downgrade,2025-03-05,basic,9.99,
CUST_000419,subscribe,2025-02-11,premium,22.99,
CUST_000419,downgrade,2025-04-25,premium,22.99,
CUST_000420,subscribe,2025-01-26,basic,9.99,
CUST_000421,subscribe,2025-12-04,basic,9.99,
CUST_000422,subscribe,2025-07-02,premium,22.99,
CUST_000422,downgrade,2025-08-12,standard,15.49,
CUST_000423,subscribe,2025-07-15,basic,9.99,
CUST_000424,subscribe,2025-02-11,standard,15.49,
CUST_000425,subscribe,2024-11-07,basic,9.99,
CUST_000426,subscribe,2025-04-14,standard,15.49,
CUST_000427,subscribe,2025-06-20,premium,22.99,
CUST_000427,cancel,2026-04-17,premium,0.0,personal_reasons
CUST_000428,subscribe,2025-06-02,basic,9.99,
CUST_000429,subscribe,2025-12-06,standard,15.49,
CUST_000430,subscribe,2025-10-23,premium,22.99,
CUST_000430,cancel,2026-02-11,premium,0.0,switching_competitor
CUST_000431,subscribe,2025-08-14,basic,9.99,
CUST_000432,subscribe,2025-06-24,standard,15.49,
CUST_000433,subscribe,2025-06-12,basic,9.99,
CUST_000433,cancel,2025-12-07,basic,0.0,too_expensive
CUST_000434,subscribe,2025-06-03,premium,22.99,
CUST_000434,downgrade,2025-08-08,basic,9.99,
CUST_000435,subscribe,2024-11-15,basic,9.99,
CUST_000435,downgrade,2025-01-18,basic,9.99,
CUST_000436,subscribe,2024-10-27,premium,22.99,
CUST_000437,subscribe,2026-02-17,premium,22.99,
CUST_000437,downgrade,2026-04-23,standard,15.49,
CUST_000437,cancel,2026-04-12,premium,0.0,not_enough_content
CUST_000438,subscribe,2024-06-04,standard,15.49,
CUST_000439,subscribe,2025-12-22,standard,15.49,
CUST_000440,subscribe,2024-10-03,basic,9.99,
CUST_000441,subscribe,2026-03-21,basic,9.99,
CUST_000441,upgrade,2026-04-23,premium,22.99,
CUST_000442,subscribe,2025-07-21,basic,9.99,
CUST_000442,cancel,2026-04-23,basic,0.0,too_expensive
CUST_000443,subscribe,2024-12-10,standard,15.49,
CUST_000444,subscribe,2026-03-19,standard,15.49,
CUST_000445,subscribe,2025-01-15,basic,9.99,
CUST_000446,subscribe,2025-08-05,standard,15.49,
CUST_000446,downgrade,2025-09-22,basic,9.99,
CUST_000447,subscribe,2024-11-20,premium,22.99,
CUST_000448,subscribe,2025-03-23,basic,9.99,
CUST_000448,upgrade,2025-06-10,premium,22.99,
CUST_000449,subscribe,2024-12-07,basic,9.99,
CUST_000450,subscribe,2025-10-26,basic,9.99,
CUST_000451,subscribe,2024-04-26,premium,22.99,
CUST_000452,subscribe,2024-09-14,premium,22.99,
CUST_000453,subscribe,2024-07-11,basic,9.99,
CUST_000453,downgrade,2024-10-29,basic,9.99,
CUST_000454,subscribe,2025-12-22,standard,15.49,
CUST_000455,subscribe,2025-12-18,basic,9.99,
CUST_000456,subscribe,2025-05-31,basic,9.99,
CUST_000456,upgrade,2025-09-01,premium,22.99,
CUST_000457,subscribe,2024-11-16,standard,15.49,
CUST_000457,downgrade,2025-05-01,basic,9.99,
CUST_000458,subscribe,2025-03-15,premium,22.99,
CUST_000458,downgrade,2025-07-27,premium,22.99,
CUST_000459,subscribe,2025-11-02,premium,22.99,
CUST_000459,downgrade,2025-12-24,premium,22.99,
CUST_000460,subscribe,2024-08-05,standard,15.49,
CUST_000461,subscribe,2026-01-06,basic,9.99,
CUST_000462,subscribe,2024-12-27,premium,22.99,
CUST_000462,downgrade,2025-04-06,basic,9.99,
CUST_000463,subscribe,2024-12-04,standard,15.49,
CUST_000463,downgrade,2025-02-28,standard,15.49,
CUST_000464,subscribe,2025-02-08,standard,15.49,
CUST_000465,subscribe,2024-09-24,standard,15.49,
CUST_000465,downgrade,2024-12-07,basic,9.99,
CUST_000466,subscribe,2025-10-24,premium,22.99,
CUST_000467,subscribe,2026-01-18,premium,22.99,
CUST_000468,subscribe,2024-10-26,premium,22.99,
CUST_000469,subscribe,2025-07-30,standard,15.49,
CUST_000470,subscribe,2025-03-12,basic,9.99,
CUST_000470,upgrade,2025-09-04,standard,15.49,
CUST_000471,subscribe,2025-08-30,premium,22.99,
CUST_000471,cancel,2026-04-23,premium,0.0,personal_reasons
CUST_000472,subscribe,2024-08-29,basic,9.99,
CUST_000472,downgrade,2024-10-10,basic,9.99,
CUST_000473,subscribe,2025-11-27,premium,22.99,
CUST_000473,downgrade,2026-02-11,standard,15.49,
CUST_000473,cancel,2026-04-21,premium,0.0,switching_competitor
CUST_000474,subscribe,2024-11-08,premium,22.99,
CUST_000475,subscribe,2025-07-12,premium,22.99,
CUST_000475,cancel,2026-03-18,premium,0.0,personal_reasons
CUST_000476,subscribe,2025-10-10,standard,15.49,
CUST_000476,cancel,2025-11-29,standard,0.0,technical_issues
CUST_000477,subscribe,2025-03-11,premium,22.99,
CUST_000477,cancel,2025-10-10,premium,0.0,not_enough_content
CUST_000478,subscribe,2024-12-20,premium,22.99,
CUST_000478,downgrade,2025-05-30,premium,22.99,
CUST_000479,subscribe,2025-04-26,premium,22.99,
CUST_000480,subscribe,2024-12-11,premium,22.99,
CUST_000481,subscribe,2024-07-15,premium,22.99,
CUST_000481,downgrade,2024-10-21,premium,22.99,
CUST_000482,subscribe,2025-06-24,standard,15.49,
CUST_000482,upgrade,2025-10-26,premium,22.99,
CUST_000483,subscribe,2026-01-01,standard,15.49,
CUST_000483,cancel,2026-04-23,standard,0.0,not_enough_content
CUST_000484,subscribe,2025-03-23,premium,22.99,
CUST_000484,cancel,2025-08-05,premium,0.0,technical_issues
CUST_000485,subscribe,2025-07-25,premium,22.99,
CUST_000486,subscribe,2024-11-24,basic,9.99,
CUST_000486,upgrade,2025-04-22,standard,15.49,
CUST_000486,cancel,2025-04-19,basic,0.0,personal_reasons
CUST_000487,subscribe,2025-01-31,standard,15.49,
CUST_000487,downgrade,2025-07-13,standard,15.49,
CUST_000488,subscribe,2025-06-05,premium,22.99,
CUST_000489,subscribe,2025-01-17,premium,22.99,
CUST_000489,cancel,2025-09-06,premium,0.0,not_enough_content
CUST_000490,subscribe,2026-01-03,basic,9.99,
CUST_000491,subscribe,2024-12-21,standard,15.49,
CUST_000492,subscribe,2024-08-09,basic,9.99,
CUST_000493,subscribe,2025-03-16,standard,15.49,
CUST_000494,subscribe,2025-06-27,premium,22.99,
CUST_000495,subscribe,2025-08-16,premium,22.99,
CUST_000495,downgrade,2025-10-04,basic,9.99,
CUST_000495,cancel,2026-03-16,premium,0.0,not_enough_content
CUST_000496,subscribe,2024-09-20,basic,9.99,
CUST_000497,subscribe,2025-03-05,premium,22.99,
CUST_000497,downgrade,2025-04-25,basic,9.99,
CUST_000498,subscribe,2024-06-25,premium,22.99,
CUST_000499,subscribe,2024-10-13,standard,15.49,
CUST_000500,subscribe,2025-06-22,basic,9.99,
CUST_000501,subscribe,2025-06-17,premium,22.99,
CUST_000502,subscribe,2024-07-10,premium,22.99,
CUST_000503,subscribe,2025-01-17,basic,9.99,
CUST_000504,subscribe,2026-01-11,premium,22.99,
CUST_000504,cancel,2026-04-23,premium,0.0,not_enough_content
CUST_000505,subscribe,2024-08-08,basic,9.99,
CUST_000506,subscribe,2025-06-09,standard,15.49,
CUST_000507,subscribe,2024-12-02,premium,22.99,
CUST_000508,subscribe,2025-12-23,standard,15.49,
CUST_000509,subscribe,2025-10-18,premium,22.99,
CUST_000509,cancel,2026-04-23,premium,0.0,technical_issues
CUST_000510,subscribe,2026-02-06,basic,9.99,
CUST_000510,downgrade,2026-03-09,basic,9.99,
CUST_000511,subscribe,2025-08-22,standard,15.49,
CUST_000512,subscribe,2025-02-28,basic,9.99,
CUST_000512,cancel,2025-06-13,basic,0.0,switching_competitor
CUST_000513,subscribe,2025-07-18,standard,15.49,
CUST_000513,upgrade,2025-12-30,premium,22.99,
CUST_000514,subscribe,2025-04-13,basic,9.99,
CUST_000515,subscribe,2026-01-22,basic,9.99,
CUST_000515,upgrade,2026-04-05,standard,15.49,
CUST_000516,subscribe,2025-06-21,basic,9.99,
CUST_000517,subscribe,2025-12-05,premium,22.99,
CUST_000517,cancel,2026-02-20,premium,0.0,personal_reasons
CUST_000518,subscribe,2024-07-27,premium,22.99,
CUST_000519,subscribe,2025-10-08,basic,9.99,
CUST_000519,upgrade,2025-12-11,standard,15.49,
CUST_000520,subscribe,2025-09-12,standard,15.49,
CUST_000520,cancel,2026-04-23,standard,0.0,too_expensive
CUST_000521,subscribe,2025-08-20,basic,9.99,
CUST_000522,subscribe,2025-10-20,premium,22.99,
CUST_000523,subscribe,2024-10-14,premium,22.99,
CUST_000524,subscribe,2026-02-19,premium,22.99,
CUST_000524,downgrade,2026-04-23,premium,22.99,
CUST_000525,subscribe,2025-02-13,premium,22.99,
CUST_000525,cancel,2025-05-05,premium,0.0,too_expensive
CUST_000526,subscribe,2026-03-07,standard,15.49,
CUST_000526,downgrade,2026-04-23,standard,15.49,
CUST_000527,subscribe,2025-07-03,basic,9.99,
CUST_000527,downgrade,2025-12-25,basic,9.99,
CUST_000528,subscribe,2024-10-04,standard,15.49,
CUST_000529,subscribe,2024-06-28,standard,15.49,
CUST_000529,cancel,2025-04-18,standard,0.0,personal_reasons
CUST_000530,subscribe,2025-01-20,basic,9.99,
CUST_000531,subscribe,2025-09-04,standard,15.49,
CUST_000531,downgrade,2026-02-05,standard,15.49,
CUST_000532,subscribe,2024-11-29,premium,22.99,
CUST_000532,downgrade,2025-04-25,basic,9.99,
CUST_000533,subscribe,2025-05-29,premium,22.99,
CUST_000533,cancel,2026-03-12,premium,0.0,switching_competitor
CUST_000534,subscribe,2025-05-11,basic,9.99,
CUST_000534,upgrade,2025-07-27,standard,15.49,
CUST_000535,subscribe,2024-06-16,basic,9.99,
CUST_000536,subscribe,2026-02-19,basic,9.99,
CUST_000536,upgrade,2026-04-23,standard,15.49,
CUST_000537,subscribe,2025-12-11,premium,22.99,
CUST_000537,downgrade,2026-04-23,premium,22.99,
CUST_000538,subscribe,2024-05-22,premium,22.99,
CUST_000539,subscribe,2025-10-27,standard,15.49,
CUST_000540,subscribe,2025-06-12,basic,9.99,
CUST_000541,subscribe,2026-01-09,basic,9.99,
CUST_000541,upgrade,2026-04-13,premium,22.99,
CUST_000542,subscribe,2025-10-02,basic,9.99,
CUST_000542,upgrade,2026-02-04,standard,15.49,
CUST_000543,subscribe,2024-10-28,standard,15.49,
CUST_000543,downgrade,2025-01-12,standard,15.49,
CUST_000544,subscribe,2024-06-03,basic,9.99,
CUST_000545,subscribe,2024-08-06,basic,9.99,
CUST_000545,upgrade,2024-12-26,standard,15.49,
CUST_000546,subscribe,2025-12-21,basic,9.99,
CUST_000546,upgrade,2026-04-23,standard,15.49,
CUST_000547,subscribe,2025-12-12,standard,15.49,
CUST_000547,upgrade,2026-03-02,premium,22.99,
CUST_000548,subscribe,2024-11-12,premium,22.99,
CUST_000548,downgrade,2024-12-22,standard,15.49,
CUST_000549,subscribe,2026-02-18,standard,15.49,
CUST_000549,downgrade,2026-04-23,standard,15.49,
CUST_000550,subscribe,2025-09-27,premium,22.99,
CUST_000550,cancel,2026-03-06,premium,0.0,not_enough_content
CUST_000551,subscribe,2024-10-28,standard,15.49,
CUST_000552,subscribe,2026-04-15,premium,22.99,
CUST_000553,subscribe,2025-03-13,standard,15.49,
CUST_000554,subscribe,2024-11-18,standard,15.49,
CUST_000555,subscribe,2024-09-08,premium,22.99,
CUST_000555,downgrade,2025-02-25,standard,15.49,
CUST_000556,subscribe,2026-03-04,premium,22.99,
CUST_000557,subscribe,2024-06-28,standard,15.49,
CUST_000558,subscribe,2025-12-22,basic,9.99,
CUST_000558,upgrade,2026-04-23,standard,15.49,
CUST_000559,subscribe,2025-05-10,basic,9.99,
CUST_000560,subscribe,2024-04-26,basic,9.99,
CUST_000561,subscribe,2026-02-03,premium,22.99,
CUST_000562,subscribe,2026-02-10,premium,22.99,
CUST_000562,downgrade,2026-03-17,basic,9.99,
CUST_000563,subscribe,2024-06-07,premium,22.99,
CUST_000563,downgrade,2024-11-12,standard,15.49,
CUST_000564,subscribe,2025-03-08,standard,15.49,
CUST_000564,upgrade,2025-06-06,premium,22.99,
CUST_000565,subscribe,2024-08-03,standard,15.49,
CUST_000565,downgrade,2024-12-20,standard,15.49,
CUST_000566,subscribe,2025-09-18,standard,15.49,
CUST_000567,subscribe,2025-10-18,basic,9.99,
CUST_000568,subscribe,2024-08-05,premium,22.99,
CUST_000569,subscribe,2025-03-03,basic,9.99,
CUST_000569,upgrade,2025-04-23,standard,15.49,
CUST_000570,subscribe,2024-12-17,basic,9.99,
CUST_000571,subscribe,2026-01-09,basic,9.99,
CUST_000571,downgrade,2026-04-23,basic,9.99,
CUST_000572,subscribe,2024-08-15,standard,15.49,
CUST_000572,downgrade,2024-10-13,standard,15.49,
CUST_000573,subscribe,2024-05-30,basic,9.99,
CUST_000574,subscribe,2025-06-27,basic,9.99,
CUST_000575,subscribe,2024-05-01,premium,22.99,
CUST_000575,downgrade,2024-07-20,standard,15.49,
CUST_000576,subscribe,2026-01-21,premium,22.99,
CUST_000577,subscribe,2025-07-18,basic,9.99,
CUST_000578,subscribe,2026-03-23,standard,15.49,
CUST_000578,upgrade,2026-04-23,premium,22.99,
CUST_000579,subscribe,2024-05-25,basic,9.99,
CUST_000580,subscribe,2025-02-22,premium,22.99,
CUST_000580,downgrade,2025-05-01,premium,22.99,
CUST_000580,cancel,2025-05-27,premium,0.0,not_enough_content
CUST_000581,subscribe,2025-01-21,standard,15.49,
CUST_000581,downgrade,2025-03-01,standard,15.49,
CUST_000582,subscribe,2024-05-18,premium,22.99,
CUST_000582,downgrade,2024-07-24,basic,9.99,
CUST_000582,cancel,2025-03-21,premium,0.0,technical_issues
CUST_000583,subscribe,2024-06-08,premium,22.99,
CUST_000583,downgrade,2024-07-31,basic,9.99,
CUST_000584,subscribe,2026-03-10,basic,9.99,
CUST_000585,subscribe,2025-12-20,premium,22.99,
CUST_000586,subscribe,2024-12-27,premium,22.99,
CUST_000587,subscribe,2024-10-09,standard,15.49,
CUST_000588,subscribe,2025-06-07,basic,9.99,
CUST_000588,cancel,2026-03-14,basic,0.0,not_enough_content
CUST_000589,subscribe,2025-09-14,premium,22.99,
CUST_000590,subscribe,2025-12-06,premium,22.99,
CUST_000591,subscribe,2026-04-18,premium,22.99,
CUST_000591,cancel,2026-04-23,premium,0.0,too_expensive
CUST_000592,subscribe,2025-01-25,basic,9.99,
CUST_000592,cancel,2025-07-01,basic,0.0,switching_competitor
CUST_000593,subscribe,2024-08-10,premium,22.99,
CUST_000594,subscribe,2024-12-18,basic,9.99,
CUST_000595,subscribe,2024-10-08,premium,22.99,
CUST_000596,subscribe,2026-01-08,premium,22.99,
CUST_000596,downgrade,2026-03-25,basic,9.99,
CUST_000597,subscribe,2024-05-09,standard,15.49,
CUST_000597,downgrade,2024-08-29,basic,9.99,
CUST_000598,subscribe,2026-02-19,basic,9.99,
CUST_000598,upgrade,2026-04-23,standard,15.49,
CUST_000599,subscribe,2025-01-08,premium,22.99,
CUST_000600,subscribe,2025-09-08,standard,15.49,
CUST_000600,downgrade,2025-12-11,basic,9.99,
CUST_000601,subscribe,2025-09-20,premium,22.99,
CUST_000602,subscribe,2024-09-07,premium,22.99,
CUST_000603,subscribe,2024-05-17,standard,15.49,
CUST_000604,subscribe,2025-08-31,premium,22.99,
CUST_000604,downgrade,2026-02-18,basic,9.99,
CUST_000605,subscribe,2024-10-23,standard,15.49,
CUST_000606,subscribe,2025-08-31,premium,22.99,
CUST_000606,downgrade,2025-12-31,standard,15.49,
CUST_000607,subscribe,2024-06-13,basic,9.99,
CUST_000608,subscribe,2025-03-28,basic,9.99,
CUST_000609,subscribe,2025-01-19,premium,22.99,
CUST_000610,subscribe,2025-12-01,basic,9.99,
CUST_000610,upgrade,2026-02-22,standard,15.49,
CUST_000611,subscribe,2024-05-07,basic,9.99,
CUST_000612,subscribe,2026-03-12,basic,9.99,
CUST_000612,downgrade,2026-04-23,basic,9.99,
CUST_000613,subscribe,2025-01-09,basic,9.99,
CUST_000614,subscribe,2025-08-06,basic,9.99,
CUST_000615,subscribe,2024-09-16,premium,22.99,
CUST_000615,downgrade,2024-12-03,premium,22.99,
CUST_000616,subscribe,2024-11-14,basic,9.99,
CUST_000616,upgrade,2025-01-08,standard,15.49,
CUST_000617,subscribe,2025-06-22,basic,9.99,
CUST_000617,upgrade,2025-10-17,premium,22.99,
CUST_000618,subscribe,2024-06-29,premium,22.99,
CUST_000618,cancel,2024-08-09,premium,0.0,technical_issues
CUST_000619,subscribe,2024-05-11,premium,22.99,
CUST_000620,subscribe,2026-02-06,premium,22.99,
CUST_000620,downgrade,2026-04-16,premium,22.99,
CUST_000621,subscribe,2024-11-13,standard,15.49,
CUST_000621,downgrade,2025-03-30,basic,9.99,
CUST_000622,subscribe,2025-02-02,premium,22.99,
CUST_000623,subscribe,2024-10-14,standard,15.49,
CUST_000623,upgrade,2025-02-09,premium,22.99,
CUST_000624,subscribe,2025-01-14,standard,15.49,
CUST_000625,subscribe,2024-06-08,premium,22.99,
CUST_000626,subscribe,2026-02-24,standard,15.49,
CUST_000627,subscribe,2024-06-22,basic,9.99,
CUST_000628,subscribe,2025-07-09,basic,9.99,
CUST_000628,upgrade,2025-12-20,standard,15.49,
CUST_000629,subscribe,2024-10-03,standard,15.49,
CUST_000630,subscribe,2024-09-25,standard,15.49,
CUST_000631,subscribe,2024-06-28,premium,22.99,
CUST_000631,downgrade,2024-10-06,premium,22.99,
CUST_000632,subscribe,2025-05-30,standard,15.49,
CUST_000633,subscribe,2025-07-22,basic,9.99,
CUST_000633,downgrade,2026-01-12,basic,9.99,
CUST_000634,subscribe,2025-07-22,standard,15.49,
CUST_000634,upgrade,2025-10-08,premium,22.99,
CUST_000635,subscribe,2026-02-24,basic,9.99,
CUST_000636,subscribe,2025-07-10,premium,22.99,
CUST_000637,subscribe,2025-08-15,standard,15.49,
CUST_000638,subscribe,2024-05-30,basic,9.99,
CUST_000639,subscribe,2026-01-16,basic,9.99,
CUST_000640,subscribe,2024-12-11,basic,9.99,
CUST_000640,upgrade,2025-04-18,premium,22.99,
CUST_000641,subscribe,2025-03-11,standard,15.49,
CUST_000642,subscribe,2025-05-03,premium,22.99,
CUST_000643,subscribe,2025-10-25,standard,15.49,
CUST_000644,subscribe,2024-09-03,basic,9.99,
CUST_000644,downgrade,2024-11-12,basic,9.99,
CUST_000645,subscribe,2024-05-17,basic,9.99,
CUST_000645,cancel,2024-11-15,basic,0.0,personal_reasons
CUST_000646,subscribe,2024-11-20,basic,9.99,
CUST_000646,cancel,2025-10-20,basic,0.0,personal_reasons
CUST_000647,subscribe,2025-10-03,basic,9.99,
CUST_000648,subscribe,2026-02-27,basic,9.99,
CUST_000649,subscribe,2026-02-01,standard,15.49,
CUST_000650,subscribe,2024-05-30,standard,15.49,
CUST_000651,subscribe,2025-09-06,premium,22.99,
CUST_000651,downgrade,2025-12-13,premium,22.99,
CUST_000652,subscribe,2024-05-07,basic,9.99,
CUST_000653,subscribe,2026-01-04,standard,15.49,
CUST_000653,downgrade,2026-04-23,basic,9.99,
CUST_000654,subscribe,2025-10-24,standard,15.49,
CUST_000654,downgrade,2025-12-30,basic,9.99,
CUST_000655,subscribe,2024-10-08,standard,15.49,
CUST_000656,subscribe,2025-07-19,premium,22.99,
CUST_000656,downgrade,2025-10-26,basic,9.99,
CUST_000657,subscribe,2025-09-06,basic,9.99,
CUST_000658,subscribe,2024-11-22,standard,15.49,
CUST_000658,downgrade,2025-02-13,basic,9.99,
CUST_000659,subscribe,2025-05-28,premium,22.99,
CUST_000659,cancel,2025-07-12,premium,0.0,too_expensive
CUST_000660,subscribe,2025-09-17,premium,22.99,
CUST_000661,subscribe,2026-03-27,premium,22.99,
CUST_000662,subscribe,2025-10-23,standard,15.49,
CUST_000663,subscribe,2025-08-30,standard,15.49,
CUST_000664,subscribe,2024-12-11,standard,15.49,
CUST_000664,cancel,2025-01-28,standard,0.0,personal_reasons
CUST_000665,subscribe,2024-07-06,premium,22.99,
CUST_000665,downgrade,2024-11-17,basic,9.99,
CUST_000666,subscribe,2025-12-05,standard,15.49,
CUST_000667,subscribe,2024-10-11,premium,22.99,
CUST_000667,downgrade,2024-11-12,basic,9.99,
CUST_000668,subscribe,2024-11-10,standard,15.49,
CUST_000668,cancel,2025-03-25,standard,0.0,not_enough_content
CUST_000669,subscribe,2025-07-19,premium,22.99,
CUST_000670,subscribe,2025-02-12,premium,22.99,
CUST_000670,downgrade,2025-03-18,standard,15.49,
CUST_000671,subscribe,2025-03-05,standard,15.49,
CUST_000671,cancel,2026-02-20,standard,0.0,personal_reasons
CUST_000672,subscribe,2025-05-05,standard,15.49,
CUST_000672,upgrade,2025-09-09,premium,22.99,
CUST_000673,subscribe,2024-04-25,premium,22.99,
CUST_000673,cancel,2025-01-18,premium,0.0,switching_competitor
CUST_000674,subscribe,2025-12-06,basic,9.99,
CUST_000674,cancel,2026-04-23,basic,0.0,personal_reasons
CUST_000675,subscribe,2025-08-12,standard,15.49,
CUST_000675,cancel,2026-02-02,standard,0.0,technical_issues
CUST_000676,subscribe,2025-02-13,premium,22.99,
CUST_000676,downgrade,2025-05-06,standard,15.49,
CUST_000676,cancel,2025-12-24,premium,0.0,personal_reasons
CUST_000677,subscribe,2026-03-15,premium,22.99,
CUST_000678,subscribe,2024-04-25,standard,15.49,
CUST_000679,subscribe,2024-07-10,standard,15.49,
CUST_000679,cancel,2025-01-13,standard,0.0,technical_issues
CUST_000680,subscribe,2026-01-21,premium,22.99,
CUST_000680,downgrade,2026-04-23,premium,22.99,
CUST_000680,cancel,2026-04-07,premium,0.0,switching_competitor
CUST_000681,subscribe,2025-07-29,premium,22.99,
CUST_000681,downgrade,2025-09-20,standard,15.49,
CUST_000682,subscribe,2025-11-25,premium,22.99,
CUST_000683,subscribe,2024-10-16,standard,15.49,
CUST_000684,subscribe,2025-07-24,standard,15.49,
CUST_000684,cancel,2025-10-18,standard,0.0,not_enough_content
CUST_000685,subscribe,2026-03-03,basic,9.99,
CUST_000685,upgrade,2026-04-23,standard,15.49,
CUST_000686,subscribe,2025-09-18,basic,9.99,
CUST_000687,subscribe,2025-03-11,standard,15.49,
CUST_000687,downgrade,2025-05-25,basic,9.99,
CUST_000688,subscribe,2025-10-19,basic,9.99,
CUST_000688,cancel,2026-02-18,basic,0.0,personal_reasons
CUST_000689,subscribe,2025-03-14,standard,15.49,
CUST_000689,downgrade,2025-05-01,basic,9.99,
CUST_000690,subscribe,2024-08-06,standard,15.49,
CUST_000691,subscribe,2025-08-14,basic,9.99,
CUST_000692,subscribe,2025-08-08,premium,22.99,
CUST_000693,subscribe,2025-10-20,standard,15.49,
CUST_000694,subscribe,2026-03-30,standard,15.49,
CUST_000695,subscribe,2024-05-01,standard,15.49,
CUST_000695,downgrade,2024-06-25,basic,9.99,
CUST_000696,subscribe,2024-08-15,standard,15.49,
CUST_000696,cancel,2025-07-30,standard,0.0,too_expensive
CUST_000697,subscribe,2026-03-25,standard,15.49,
CUST_000697,downgrade,2026-04-23,basic,9.99,
CUST_000697,cancel,2026-04-23,standard,0.0,not_enough_content
CUST_000698,subscribe,2024-05-30,basic,9.99,
CUST_000698,downgrade,2024-09-05,basic,9.99,
CUST_000699,subscribe,2026-01-04,basic,9.99,
CUST_000699,upgrade,2026-02-06,premium,22.99,
CUST_000700,subscribe,2026-02-12,standard,15.49,
CUST_000701,subscribe,2025-08-17,premium,22.99,
CUST_000701,downgrade,2026-02-01,basic,9.99,
CUST_000702,subscribe,2024-07-19,standard,15.49,
CUST_000703,subscribe,2025-10-09,standard,15.49,
CUST_000704,subscribe,2024-08-02,basic,9.99,
CUST_000705,subscribe,2026-03-30,basic,9.99,
CUST_000705,upgrade,2026-04-23,standard,15.49,
CUST_000706,subscribe,2025-08-09,premium,22.99,
CUST_000707,subscribe,2026-03-06,basic,9.99,
CUST_000708,subscribe,2024-05-27,premium,22.99,
CUST_000708,cancel,2024-08-09,premium,0.0,technical_issues
CUST_000709,subscribe,2025-06-03,standard,15.49,
CUST_000709,downgrade,2025-11-19,basic,9.99,
CUST_000710,subscribe,2025-06-02,premium,22.99,
CUST_000711,subscribe,2025-09-19,basic,9.99,
CUST_000712,subscribe,2024-05-01,basic,9.99,
CUST_000712,downgrade,2024-06-26,basic,9.99,
CUST_000713,subscribe,2024-06-19,premium,22.99,
CUST_000714,subscribe,2025-05-20,basic,9.99,
CUST_000714,upgrade,2025-07-25,standard,15.49,
CUST_000714,cancel,2025-09-03,basic,0.0,too_expensive
CUST_000715,subscribe,2025-04-13,premium,22.99,
CUST_000716,subscribe,2025-04-04,premium,22.99,
CUST_000716,downgrade,2025-08-10,standard,15.49,
CUST_000717,subscribe,2025-03-08,basic,9.99,
CUST_000717,upgrade,2025-06-19,premium,22.99,
CUST_000717,cancel,2025-09-24,basic,0.0,not_enough_content
CUST_000718,subscribe,2025-08-15,basic,9.99,
CUST_000719,subscribe,2025-04-11,basic,9.99,
CUST_000720,subscribe,2025-07-01,basic,9.99,
CUST_000721,subscribe,2024-07-19,standard,15.49,
CUST_000722,subscribe,2026-01-26,basic,9.99,
CUST_000723,subscribe,2025-05-09,premium,22.99,
CUST_000724,subscribe,2024-11-05,premium,22.99,
CUST_000724,cancel,2025-10-24,premium,0.0,not_enough_content
CUST_000725,subscribe,2025-04-11,basic,9.99,
CUST_000725,upgrade,2025-08-10,standard,15.49,
CUST_000726,subscribe,2026-04-11,premium,22.99,
CUST_000726,downgrade,2026-04-23,standard,15.49,
CUST_000727,subscribe,2025-05-18,basic,9.99,
CUST_000728,subscribe,2025-06-25,basic,9.99,
CUST_000728,cancel,2026-04-23,basic,0.0,too_expensive
CUST_000729,subscribe,2025-10-11,basic,9.99,
CUST_000730,subscribe,2025-08-01,basic,9.99,
CUST_000730,cancel,2026-04-23,basic,0.0,not_enough_content
CUST_000731,subscribe,2025-12-05,standard,15.49,
CUST_000732,subscribe,2026-01-07,standard,15.49,
CUST_000733,subscribe,2024-12-10,basic,9.99,
CUST_000733,upgrade,2025-02-16,standard,15.49,
CUST_000734,subscribe,2025-08-19,basic,9.99,
CUST_000735,subscribe,2025-10-13,basic,9.99,
CUST_000735,cancel,2025-12-04,basic,0.0,personal_reasons
CUST_000736,subscribe,2025-07-09,standard,15.49,
CUST_000737,subscribe,2026-01-09,basic,9.99,
CUST_000738,subscribe,2025-09-24,premium,22.99,
CUST_000738,downgrade,2026-01-26,standard,15.49,
CUST_000739,subscribe,2025-10-04,basic,9.99,
CUST_000739,cancel,2026-04-23,basic,0.0,too_expensive
CUST_000740,subscribe,2025-06-16,basic,9.99,
CUST_000741,subscribe,2025-11-17,standard,15.49,
CUST_000742,subscribe,2025-12-22,standard,15.49,
CUST_000743,subscribe,2025-12-25,premium,22.99,
CUST_000744,subscribe,2024-09-26,standard,15.49,
CUST_000744,downgrade,2025-02-02,basic,9.99,
CUST_000745,subscribe,2025-09-07,premium,22.99,
CUST_000746,subscribe,2024-09-19,basic,9.99,
CUST_000747,subscribe,2025-05-26,premium,22.99,
CUST_000748,subscribe,2024-08-01,basic,9.99,
CUST_000748,cancel,2025-02-03,basic,0.0,too_expensive
CUST_000749,subscribe,2025-10-25,premium,22.99,
CUST_000750,subscribe,2025-12-13,standard,15.49,
CUST_000751,subscribe,2025-12-21,standard,15.49,
CUST_000751,downgrade,2026-04-12,basic,9.99,
CUST_000752,subscribe,2024-08-23,standard,15.49,
CUST_000753,subscribe,2024-10-10,standard,15.49,
CUST_000753,downgrade,2025-02-07,standard,15.49,
CUST_000754,subscribe,2025-11-27,premium,22.99,
CUST_000755,subscribe,2024-07-20,premium,22.99,
CUST_000756,subscribe,2025-10-04,basic,9.99,
CUST_000756,cancel,2026-04-23,basic,0.0,technical_issues
CUST_000757,subscribe,2025-11-05,standard,15.49,
CUST_000758,subscribe,2025-04-03,standard,15.49,
CUST_000759,subscribe,2025-05-26,basic,9.99,
CUST_000759,upgrade,2025-08-26,premium,22.99,
CUST_000760,subscribe,2024-04-27,standard,15.49,
CUST_000761,subscribe,2025-03-17,premium,22.99,
CUST_000762,subscribe,2025-09-06,standard,15.49,
CUST_000763,subscribe,2025-01-04,standard,15.49,
CUST_000764,subscribe,2024-06-15,premium,22.99,
CUST_000765,subscribe,2025-03-02,basic,9.99,
CUST_000765,downgrade,2025-08-27,basic,9.99,
CUST_000765,cancel,2025-07-15,basic,0.0,technical_issues
CUST_000766,subscribe,2025-06-11,premium,22.99,
CUST_000767,subscribe,2024-05-27,basic,9.99,
CUST_000768,subscribe,2024-12-12,premium,22.99,
CUST_000769,subscribe,2026-01-20,premium,22.99,
CUST_000769,downgrade,2026-04-20,basic,9.99,
CUST_000770,subscribe,2025-02-19,basic,9.99,
CUST_000771,subscribe,2025-09-07,premium,22.99,
CUST_000771,downgrade,2026-01-07,basic,9.99,
CUST_000772,subscribe,2024-07-26,premium,22.99,
CUST_000773,subscribe,2024-06-27,basic,9.99,
CUST_000774,subscribe,2026-02-12,premium,22.99,
CUST_000774,cancel,2026-04-23,premium,0.0,too_expensive
CUST_000775,subscribe,2024-07-20,premium,22.99,
CUST_000776,subscribe,2026-04-16,premium,22.99,
CUST_000777,subscribe,2024-06-13,premium,22.99,
CUST_000778,subscribe,2024-07-30,basic,9.99,
CUST_000779,subscribe,2025-05-04,basic,9.99,
CUST_000779,upgrade,2025-07-09,standard,15.49,
CUST_000780,subscribe,2025-07-19,standard,15.49,
CUST_000781,subscribe,2024-08-30,premium,22.99,
CUST_000782,subscribe,2025-09-01,premium,22.99,
CUST_000783,subscribe,2025-11-12,premium,22.99,
CUST_000783,cancel,2026-04-23,premium,0.0,not_enough_content
CUST_000784,subscribe,2025-05-05,standard,15.49,
CUST_000785,subscribe,2026-03-15,basic,9.99,
CUST_000785,downgrade,2026-04-23,basic,9.99,
CUST_000786,subscribe,2024-06-19,premium,22.99,
CUST_000787,subscribe,2025-03-02,standard,15.49,
CUST_000788,subscribe,2025-04-23,premium,22.99,
CUST_000789,subscribe,2026-02-16,basic,9.99,
CUST_000789,upgrade,2026-04-23,standard,15.49,
CUST_000790,subscribe,2025-01-29,basic,9.99,
CUST_000790,downgrade,2025-07-26,basic,9.99,
CUST_000791,subscribe,2024-08-28,standard,15.49,
CUST_000791,upgrade,2024-11-06,premium,22.99,
CUST_000791,cancel,2024-11-23,standard,0.0,too_expensive
CUST_000792,subscribe,2026-02-28,standard,15.49,
CUST_000792,downgrade,2026-04-19,basic,9.99,
CUST_000793,subscribe,2024-10-08,basic,9.99,
CUST_000793,downgrade,2025-04-01,basic,9.99,
CUST_000794,subscribe,2024-05-25,premium,22.99,
CUST_000795,subscribe,2026-04-04,premium,22.99,
CUST_000796,subscribe,2024-07-11,basic,9.99,
CUST_000796,cancel,2024-11-05,basic,0.0,technical_issues
CUST_000797,subscribe,2024-09-04,premium,22.99,
CUST_000797,cancel,2025-08-01,premium,0.0,personal_reasons
CUST_000798,subscribe,2026-03-20,premium,22.99,
CUST_000799,subscribe,2025-03-03,basic,9.99,
CUST_000799,upgrade,2025-06-27,standard,15.49,
CUST_000800,subscribe,2024-04-27,premium,22.99,
CUST_000801,subscribe,2024-11-26,premium,22.99,
CUST_000802,subscribe,2026-01-16,standard,15.49,
CUST_000802,downgrade,2026-03-26,basic,9.99,
CUST_000803,subscribe,2024-07-19,premium,22.99,
CUST_000803,downgrade,2024-08-26,premium,22.99,
CUST_000804,subscribe,2024-08-25,premium,22.99,
CUST_000805,subscribe,2025-07-26,standard,15.49,
CUST_000805,downgrade,2025-08-27,basic,9.99,
CUST_000805,cancel,2026-04-23,standard,0.0,technical_issues
CUST_000806,subscribe,2024-06-04,premium,22.99,
CUST_000807,subscribe,2025-07-03,basic,9.99,
CUST_000808,subscribe,2024-10-07,basic,9.99,
CUST_000809,subscribe,2024-10-09,premium,22.99,
CUST_000810,subscribe,2025-08-19,standard,15.49,
CUST_000811,subscribe,2024-06-14,basic,9.99,
CUST_000812,subscribe,2025-06-02,basic,9.99,
CUST_000812,cancel,2025-09-08,basic,0.0,not_enough_content
CUST_000813,subscribe,2025-04-26,standard,15.49,
CUST_000814,subscribe,2025-05-01,basic,9.99,
CUST_000814,downgrade,2025-10-11,basic,9.99,
CUST_000815,subscribe,2025-09-08,basic,9.99,
CUST_000815,cancel,2026-04-23,basic,0.0,not_enough_content
CUST_000816,subscribe,2025-06-07,standard,15.49,
CUST_000816,cancel,2025-11-04,standard,0.0,technical_issues
CUST_000817,subscribe,2025-01-19,basic,9.99,
CUST_000818,subscribe,2024-11-28,basic,9.99,
CUST_000818,downgrade,2025-05-20,basic,9.99,
CUST_000819,subscribe,2025-12-26,basic,9.99,
CUST_000820,subscribe,2025-09-12,premium,22.99,
CUST_000820,downgrade,2026-02-08,premium,22.99,
CUST_000821,subscribe,2024-08-20,standard,15.49,
CUST_000822,subscribe,2025-03-16,basic,9.99,
CUST_000823,subscribe,2025-12-21,premium,22.99,
CUST_000824,subscribe,2024-11-05,standard,15.49,
CUST_000825,subscribe,2025-11-23,standard,15.49,
CUST_000825,downgrade,2026-04-10,standard,15.49,
CUST_000826,subscribe,2024-10-05,basic,9.99,
CUST_000826,downgrade,2024-11-30,basic,9.99,
CUST_000827,subscribe,2025-10-15,premium,22.99,
CUST_000827,downgrade,2026-02-07,premium,22.99,
CUST_000828,subscribe,2026-01-21,standard,15.49,
CUST_000828,downgrade,2026-04-02,standard,15.49,
CUST_000828,cancel,2026-04-23,standard,0.0,personal_reasons
CUST_000829,subscribe,2024-11-12,premium,22.99,
CUST_000829,downgrade,2024-12-14,basic,9.99,
CUST_000830,subscribe,2026-04-14,standard,15.49,
CUST_000831,subscribe,2025-07-30,standard,15.49,
CUST_000832,subscribe,2025-03-28,standard,15.49,
CUST_000833,subscribe,2024-09-20,basic,9.99,
CUST_000834,subscribe,2025-08-12,premium,22.99,
CUST_000834,downgrade,2025-10-02,standard,15.49,
CUST_000835,subscribe,2024-08-22,premium,22.99,
CUST_000836,subscribe,2025-02-22,standard,15.49,
CUST_000837,subscribe,2025-10-20,premium,22.99,
CUST_000838,subscribe,2026-04-02,standard,15.49,
CUST_000839,subscribe,2025-04-10,standard,15.49,
CUST_000839,downgrade,2025-06-02,standard,15.49,
CUST_000840,subscribe,2025-05-20,basic,9.99,
CUST_000841,subscribe,2026-01-05,premium,22.99,
CUST_000841,downgrade,2026-04-17,standard,15.49,
CUST_000842,subscribe,2025-02-08,basic,9.99,
CUST_000843,subscribe,2025-10-03,basic,9.99,
CUST_000844,subscribe,2024-11-08,standard,15.49,
CUST_000845,subscribe,2025-10-18,basic,9.99,
CUST_000846,subscribe,2025-06-12,premium,22.99,
CUST_000846,cancel,2026-04-23,premium,0.0,not_enough_content
CUST_000847,subscribe,2025-02-25,standard,15.49,
CUST_000848,subscribe,2024-10-08,premium,22.99,
CUST_000848,downgrade,2025-03-15,standard,15.49,
CUST_000849,subscribe,2024-10-21,standard,15.49,
CUST_000849,downgrade,2024-11-26,basic,9.99,
CUST_000850,subscribe,2026-01-31,basic,9.99,
CUST_000851,subscribe,2025-09-19,basic,9.99,
CUST_000852,subscribe,2026-02-09,basic,9.99,
CUST_000852,cancel,2026-04-23,basic,0.0,too_expensive
CUST_000853,subscribe,2026-02-25,standard,15.49,
CUST_000853,downgrade,2026-04-23,basic,9.99,
CUST_000854,subscribe,2025-11-25,standard,15.49,
CUST_000854,upgrade,2026-01-17,premium,22.99,
CUST_000855,subscribe,2024-05-17,basic,9.99,
CUST_000856,subscribe,2025-05-29,premium,22.99,
CUST_000856,downgrade,2025-08-03,basic,9.99,
CUST_000857,subscribe,2024-10-02,standard,15.49,
CUST_000858,subscribe,2026-02-20,standard,15.49,
CUST_000858,upgrade,2026-04-23,premium,22.99,
CUST_000859,subscribe,2025-08-11,basic,9.99,
CUST_000860,subscribe,2025-10-18,basic,9.99,
CUST_000861,subscribe,2025-07-09,standard,15.49,
CUST_000862,subscribe,2024-11-17,premium,22.99,
CUST_000863,subscribe,2026-01-03,basic,9.99,
CUST_000863,cancel,2026-04-23,basic,0.0,not_enough_content
CUST_000864,subscribe,2024-08-04,standard,15.49,
CUST_000864,cancel,2024-11-17,standard,0.0,switching_competitor
CUST_000865,subscribe,2024-05-29,basic,9.99,
CUST_000866,subscribe,2026-01-14,premium,22.99,
CUST_000867,subscribe,2024-11-09,standard,15.49,
CUST_000867,upgrade,2025-03-18,premium,22.99,
CUST_000868,subscribe,2025-03-07,premium,22.99,
CUST_000868,downgrade,2025-04-25,premium,22.99,
CUST_000869,subscribe,2025-07-14,premium,22.99,
CUST_000870,subscribe,2025-05-23,basic,9.99,
CUST_000871,subscribe,2025-08-11,premium,22.99,
CUST_000872,subscribe,2025-03-15,basic,9.99,
CUST_000872,downgrade,2025-05-20,basic,9.99,
CUST_000873,subscribe,2025-01-13,standard,15.49,
CUST_000874,subscribe,2025-08-05,basic,9.99,
CUST_000875,subscribe,2025-07-21,premium,22.99,
CUST_000876,subscribe,2025-11-08,standard,15.49,
CUST_000877,subscribe,2024-06-23,basic,9.99,
CUST_000878,subscribe,2025-06-21,basic,9.99,
CUST_000879,subscribe,2024-11-11,standard,15.49,
CUST_000880,subscribe,2024-10-17,basic,9.99,
CUST_000880,upgrade,2024-12-27,standard,15.49,
CUST_000880,cancel,2025-07-04,basic,0.0,too_expensive
CUST_000881,subscribe,2025-06-05,standard,15.49,
CUST_000881,downgrade,2025-10-03,standard,15.49,
CUST_000882,subscribe,2025-04-19,standard,15.49,
CUST_000882,downgrade,2025-09-13,basic,9.99,
CUST_000883,subscribe,2025-07-30,premium,22.99,
CUST_000883,downgrade,2025-11-02,standard,15.49,
CUST_000884,subscribe,2025-06-02,standard,15.49,
CUST_000884,cancel,2025-10-06,standard,0.0,technical_issues
CUST_000885,subscribe,2025-03-31,standard,15.49,
CUST_000886,subscribe,2024-04-22,standard,15.49,
CUST_000886,downgrade,2024-10-14,basic,9.99,
CUST_000887,subscribe,2026-04-08,basic,9.99,
CUST_000888,subscribe,2025-12-07,basic,9.99,
CUST_000888,cancel,2026-04-23,basic,0.0,switching_competitor
CUST_000889,subscribe,2025-06-21,standard,15.49,
CUST_000890,subscribe,2024-08-26,standard,15.49,
CUST_000891,subscribe,2025-03-15,premium,22.99,
CUST_000892,subscribe,2025-10-05,basic,9.99,
CUST_000892,upgrade,2026-03-15,standard,15.49,
CUST_000893,subscribe,2026-02-13,standard,15.49,
CUST_000894,subscribe,2025-08-14,standard,15.49,
CUST_000895,subscribe,2024-12-27,standard,15.49,
CUST_000895,cancel,2025-02-04,standard,0.0,technical_issues
CUST_000896,subscribe,2024-07-10,standard,15.49,
CUST_000897,subscribe,2024-08-17,premium,22.99,
CUST_000897,downgrade,2024-09-26,premium,22.99,
CUST_000898,subscribe,2025-02-04,standard,15.49,
CUST_000899,subscribe,2026-02-06,basic,9.99,
CUST_000900,subscribe,2025-04-22,standard,15.49,
CUST_000901,subscribe,2024-07-25,premium,22.99,
CUST_000901,downgrade,2024-08-26,premium,22.99,
CUST_000902,subscribe,2024-05-18,standard,15.49,
CUST_000902,downgrade,2024-08-30,basic,9.99,
CUST_000903,subscribe,2024-09-30,basic,9.99,
CUST_000904,subscribe,2025-08-23,standard,15.49,
CUST_000904,cancel,2026-03-14,standard,0.0,too_expensive
CUST_000905,subscribe,2025-04-30,basic,9.99,
CUST_000905,upgrade,2025-06-22,standard,15.49,
CUST_000906,subscribe,2025-08-26,premium,22.99,
CUST_000907,subscribe,2024-07-23,premium,22.99,
CUST_000908,subscribe,2025-12-21,premium,22.99,
CUST_000909,subscribe,2024-11-01,standard,15.49,
CUST_000909,cancel,2025-04-25,standard,0.0,too_expensive
CUST_000910,subscribe,2025-08-20,premium,22.99,
CUST_000910,downgrade,2025-10-16,premium,22.99,
CUST_000911,subscribe,2025-12-27,standard,15.49,
CUST_000912,subscribe,2025-11-30,premium,22.99,
CUST_000913,subscribe,2025-02-09,premium,22.99,
CUST_000914,subscribe,2025-03-27,basic,9.99,
CUST_000914,upgrade,2025-05-12,standard,15.49,
CUST_000915,subscribe,2025-06-18,premium,22.99,
CUST_000916,subscribe,2024-08-24,basic,9.99,
CUST_000917,subscribe,2025-02-01,basic,9.99,
CUST_000918,subscribe,2025-11-12,premium,22.99,
CUST_000919,subscribe,2024-10-24,premium,22.99,
CUST_000919,cancel,2025-03-11,premium,0.0,switching_competitor
CUST_000920,subscribe,2025-10-04,basic,9.99,
CUST_000921,subscribe,2024-12-28,basic,9.99,
CUST_000922,subscribe,2025-09-15,basic,9.99,
CUST_000923,subscribe,2024-09-25,basic,9.99,
CUST_000923,downgrade,2025-01-14,basic,9.99,
CUST_000924,subscribe,2026-01-31,premium,22.99,
CUST_000925,subscribe,2025-07-24,premium,22.99,
CUST_000926,subscribe,2024-05-02,premium,22.99,
CUST_000927,subscribe,2026-01-04,premium,22.99,
CUST_000927,downgrade,2026-04-23,standard,15.49,
CUST_000927,cancel,2026-04-23,premium,0.0,technical_issues
CUST_000928,subscribe,2025-12-29,premium,22.99,
CUST_000928,downgrade,2026-02-02,basic,9.99,
CUST_000929,subscribe,2024-06-15,basic,9.99,
CUST_000930,subscribe,2025-11-06,basic,9.99,
CUST_000931,subscribe,2024-11-01,basic,9.99,
CUST_000931,upgrade,2025-01-15,premium,22.99,
CUST_000932,subscribe,2025-12-08,basic,9.99,
CUST_000932,downgrade,2026-03-18,basic,9.99,
CUST_000932,cancel,2026-04-23,basic,0.0,technical_issues
CUST_000933,subscribe,2025-06-23,standard,15.49,
CUST_000933,upgrade,2025-11-15,premium,22.99,
CUST_000934,subscribe,2025-07-31,standard,15.49,
CUST_000934,cancel,2025-10-30,standard,0.0,personal_reasons
CUST_000935,subscribe,2026-02-07,basic,9.99,
CUST_000935,upgrade,2026-04-23,standard,15.49,
CUST_000936,subscribe,2025-07-03,standard,15.49,
CUST_000937,subscribe,2025-01-26,premium,22.99,
CUST_000937,downgrade,2025-05-23,standard,15.49,
CUST_000938,subscribe,2024-05-18,standard,15.49,
CUST_000939,subscribe,2024-12-11,standard,15.49,
CUST_000939,downgrade,2025-04-09,basic,9.99,
CUST_000940,subscribe,2026-04-05,standard,15.49,
CUST_000941,subscribe,2024-11-13,standard,15.49,
CUST_000941,cancel,2025-02-13,standard,0.0,personal_reasons
CUST_000942,subscribe,2024-07-02,standard,15.49,
CUST_000943,subscribe,2025-11-05,premium,22.99,
CUST_000943,downgrade,2026-03-26,premium,22.99,
CUST_000944,subscribe,2025-07-13,basic,9.99,
CUST_000945,subscribe,2025-02-12,standard,15.49,
CUST_000946,subscribe,2026-03-06,basic,9.99,
CUST_000947,subscribe,2025-09-11,standard,15.49,
CUST_000947,upgrade,2025-11-30,premium,22.99,
CUST_000948,subscribe,2025-06-03,premium,22.99,
CUST_000948,downgrade,2025-11-28,premium,22.99,
CUST_000948,cancel,2026-04-23,premium,0.0,personal_reasons
CUST_000949,subscribe,2025-10-15,basic,9.99,
CUST_000949,upgrade,2026-02-03,premium,22.99,
CUST_000950,subscribe,2025-11-27,basic,9.99,
CUST_000950,upgrade,2026-02-02,standard,15.49,
CUST_000951,subscribe,2024-08-02,premium,22.99,
CUST_000952,subscribe,2024-11-11,standard,15.49,
CUST_000953,subscribe,2025-12-04,premium,22.99,
CUST_000954,subscribe,2025-07-09,standard,15.49,
CUST_000955,subscribe,2024-10-27,basic,9.99,
CUST_000955,upgrade,2024-11-26,premium,22.99,
CUST_000956,subscribe,2024-06-30,basic,9.99,
CUST_000957,subscribe,2024-12-27,basic,9.99,
CUST_000958,subscribe,2025-08-13,basic,9.99,
CUST_000959,subscribe,2024-09-24,premium,22.99,
CUST_000960,subscribe,2024-10-27,premium,22.99,
CUST_000960,cancel,2024-12-29,premium,0.0,personal_reasons
CUST_000961,subscribe,2025-10-12,standard,15.49,
CUST_000961,downgrade,2025-12-29,basic,9.99,
CUST_000961,cancel,2025-12-07,standard,0.0,technical_issues
CUST_000962,subscribe,2025-11-17,standard,15.49,
CUST_000962,cancel,2026-04-23,standard,0.0,not_enough_content
CUST_000963,subscribe,2025-05-02,premium,22.99,
CUST_000964,subscribe,2026-03-26,basic,9.99,
CUST_000964,downgrade,2026-04-23,basic,9.99,
CUST_000964,cancel,2026-04-23,basic,0.0,personal_reasons
CUST_000965,subscribe,2025-08-14,standard,15.49,
CUST_000966,subscribe,2024-11-18,standard,15.49,
CUST_000967,subscribe,2024-10-18,standard,15.49,
CUST_000968,subscribe,2025-05-03,basic,9.99,
CUST_000969,subscribe,2026-04-11,standard,15.49,
CUST_000970,subscribe,2025-05-07,premium,22.99,
CUST_000971,subscribe,2025-01-20,basic,9.99,
CUST_000971,upgrade,2025-06-15,standard,15.49,
CUST_000972,subscribe,2025-08-21,basic,9.99,
CUST_000973,subscribe,2024-08-17,basic,9.99,
CUST_000974,subscribe,2025-05-31,basic,9.99,
CUST_000975,subscribe,2026-03-29,basic,9.99,
CUST_000976,subscribe,2025-07-17,premium,22.99,
CUST_000977,subscribe,2026-03-29,premium,22.99,
CUST_000978,subscribe,2026-04-16,premium,22.99,
CUST_000979,subscribe,2024-09-12,premium,22.99,
CUST_000980,subscribe,2025-03-07,premium,22.99,
CUST_000981,subscribe,2024-08-02,basic,9.99,
CUST_000982,subscribe,2025-08-05,premium,22.99,
CUST_000982,downgrade,2025-12-10,standard,15.49,
CUST_000983,subscribe,2024-06-22,basic,9.99,
CUST_000983,upgrade,2024-11-10,premium,22.99,
CUST_000984,subscribe,2025-09-08,premium,22.99,
CUST_000985,subscribe,2024-08-27,premium,22.99,
CUST_000986,subscribe,2025-03-08,standard,15.49,
CUST_000987,subscribe,2024-09-06,premium,22.99,
CUST_000987,cancel,2024-11-15,premium,0.0,too_expensive
CUST_000988,subscribe,2026-02-24,basic,9.99,
CUST_000988,cancel,2026-04-23,basic,0.0,too_expensive
CUST_000989,subscribe,2025-08-07,premium,22.99,
CUST_000989,downgrade,2025-12-20,basic,9.99,
CUST_000990,subscribe,2025-07-10,basic,9.99,
CUST_000990,upgrade,2025-12-26,premium,22.99,
CUST_000991,subscribe,2025-05-29,basic,9.99,
CUST_000991,upgrade,2025-11-03,standard,15.49,
CUST_000992,subscribe,2025-05-27,premium,22.99,
CUST_000993,subscribe,2025-04-15,premium,22.99,
CUST_000993,downgrade,2025-08-30,standard,15.49,
CUST_000994,subscribe,2025-05-28,premium,22.99,
CUST_000994,downgrade,2025-11-15,standard,15.49,
CUST_000994,cancel,2026-01-19,premium,0.0,technical_issues
CUST_000995,subscribe,2025-05-15,standard,15.49,
CUST_000995,downgrade,2025-07-15,standard,15.49,
CUST_000996,subscribe,2024-08-05,standard,15.49,
CUST_000997,subscribe,2025-04-09,standard,15.49,
CUST_000998,subscribe,2025-09-07,basic,9.99,
CUST_000999,subscribe,2025-04-06,basic,9.99,
